GeoFIPS,GeoName,Region,TableName,LineCode,IndustryClassification,Description,Unit,2001,2002,2003,2004,2005,2006,2007,2008,2009,2010,2011,2012,2013,2014,2015,2016,2017,2018,2019,2020,2021,2022,2023,2024
 "45000","South Carolina",5,CAGDP1,1,"...","Real GDP (thousands of chained 2017 dollars) ","Thousands of chained 2017 dollars",162837062,167333032,174270810,177169370,183267536,187386059,193386551,192497138,184081292,188777169,193221008,195406148,200147292,206077883,213212377,220559341,224937579,231663274,239021317,233294365,245812023,256608477,266037768,278032803
 "45000","South Carolina",5,CAGDP1,2,"...","Chain-type quantity indexes for real GDP ","Quantity index",72.392,74.391,77.475,78.764,81.475,83.306,85.973,85.578,81.837,83.924,85.900,86.871,88.979,91.616,94.787,98.054,100.000,102.990,106.261,103.715,109.280,114.080,118.272,123.604
 "45000","South Carolina",5,CAGDP1,3,"...","Current-dollar GDP (thousands of current dollars) ","Thousands of dollars",119355207,124765163,131509078,136679860,145195764,153453410,162476344,164471226,162380437,166767350,172844717,178503863,186268280,195744407,207510050,217555476,224937579,236561687,249575709,248952741,272464897,305069979,332946836,357074376
 "45001","Abbeville, SC",5,CAGDP1,1,"...","Real GDP (thousands of chained 2017 dollars) ","Thousands of chained 2017 dollars",623748,574523,565975,595578,603418,579553,548673,542001,522671,539692,556476,545301,593189,603597,580056,579644,582564,581649,593029,572511,560996,579250,565099,626626
 "45001","Abbeville, SC",5,CAGDP1,2,"...","Chain-type quantity indexes for real GDP ","Quantity index",107.069,98.620,97.152,102.234,103.580,99.483,94.182,93.037,89.719,92.641,95.522,93.604,101.824,103.610,99.569,99.499,100.000,99.843,101.796,98.274,96.298,99.431,97.002,107.563
 "45001","Abbeville, SC",5,CAGDP1,3,"...","Current-dollar GDP (thousands of current dollars) ","Thousands of dollars",483900,452337,443999,475551,492386,494744,480513,483467,472629,491836,518346,514841,565722,584948,568856,572369,582564,598255,623424,609892,623052,724833,748621,846101
 "45003","Aiken, SC",5,CAGDP1,1,"...","Real GDP (thousands of chained 2017 dollars) ","Thousands of chained 2017 dollars",6126886,6229988,6377517,6344018,6351606,6148407,6989523,7289665,6715406,6880922,6875438,6772591,6598736,6527417,6741615,6739549,6836952,6987180,7113496,6991848,7162429,7228883,7450378,7648930
 "45003","Aiken, SC",5,CAGDP1,2,"...","Chain-type quantity indexes for real GDP ","Quantity index",89.614,91.122,93.280,92.790,92.901,89.929,102.232,106.622,98.222,100.643,100.563,99.059,96.516,95.473,98.606,98.575,100.000,102.197,104.045,102.266,104.761,105.733,108.972,111.876
 "45003","Aiken, SC",5,CAGDP1,3,"...","Current-dollar GDP (thousands of current dollars) ","Thousands of dollars",4379151,4565318,4742497,4805391,4907235,4916240,5749479,6097463,5832635,5990483,6061441,6092014,6061346,6130584,6515279,6639511,6836952,7166179,7493551,7570971,8021252,8821355,9792957,10364699
 "45005","Allendale, SC",5,CAGDP1,1,"...","Real GDP (thousands of chained 2017 dollars) ","Thousands of chained 2017 dollars",329250,342129,335742,335164,345387,453712,428699,358128,348544,387978,369491,352642,320847,298509,271891,286882,298131,297156,276792,275381,259236,279158,291197,294930
 "45005","Allendale, SC",5,CAGDP1,2,"...","Chain-type quantity indexes for real GDP ","Quantity index",110.438,114.758,112.615,112.422,115.851,152.185,143.796,120.124,116.909,130.137,123.936,118.284,107.619,100.127,91.199,96.227,100.000,99.673,92.842,92.369,86.954,93.636,97.674,98.926
 "45005","Allendale, SC",5,CAGDP1,3,"...","Current-dollar GDP (thousands of current dollars) ","Thousands of dollars",226566,238722,237141,243722,256571,346393,332680,282630,286371,322394,314420,310784,296274,285122,261922,280143,298131,307059,289380,298879,318415,374385,388886,398266
 "45007","Anderson, SC",5,CAGDP1,1,"...","Real GDP (thousands of chained 2017 dollars) ","Thousands of chained 2017 dollars",5057704,5082696,5245925,5469048,5546366,5593041,5645497,5669222,5368088,5653964,6001514,6176407,6164222,6120462,6316864,6663626,6731779,7033445,7275485,7145415,7506023,7639295,7845936,8125127
 "45007","Anderson, SC",5,CAGDP1,2,"...","Chain-type quantity indexes for real GDP ","Quantity index",75.132,75.503,77.928,81.242,82.391,83.084,83.863,84.216,79.742,83.989,89.152,91.750,91.569,90.919,93.836,98.988,100.000,104.481,108.077,106.145,111.501,113.481,116.551,120.698
 "45007","Anderson, SC",5,CAGDP1,3,"...","Current-dollar GDP (thousands of current dollars) ","Thousands of dollars",3829600,3895170,4038100,4265847,4415245,4586909,4734235,4820525,4786486,5006075,5355518,5642630,5733544,5806336,6181566,6601326,6731779,7165158,7588894,7618503,8279327,9144089,9972197,10558072
 "45009","Bamberg, SC",5,CAGDP1,1,"...","Real GDP (thousands of chained 2017 dollars) ","Thousands of chained 2017 dollars",357049,355902,372161,364959,371711,372580,367071,363739,352929,366939,388636,334186,354937,378482,345662,355218,338938,337434,340202,323230,317563,347969,351109,378827
 "45009","Bamberg, SC",5,CAGDP1,2,"...","Chain-type quantity indexes for real GDP ","Quantity index",105.344,105.005,109.802,107.677,109.669,109.926,108.300,107.317,104.128,108.261,114.663,98.598,104.720,111.667,101.984,104.803,100.000,99.556,100.373,95.366,93.694,102.665,103.591,111.769
 "45009","Bamberg, SC",5,CAGDP1,3,"...","Current-dollar GDP (thousands of current dollars) ","Thousands of dollars",254844,258232,274235,275989,286670,296115,300467,302478,304518,317927,342644,301871,331182,360272,335752,349904,338938,345938,357556,350674,367300,435730,460282,510406
 "45011","Barnwell, SC",5,CAGDP1,1,"...","Real GDP (thousands of chained 2017 dollars) ","Thousands of chained 2017 dollars",565694,585083,660503,595972,611482,569281,594677,564960,525636,501270,513893,491255,489083,517902,503438,487469,467627,512027,518086,452901,426285,463088,509224,525062
 "45011","Barnwell, SC",5,CAGDP1,2,"...","Chain-type quantity indexes for real GDP ","Quantity index",120.971,125.117,141.246,127.446,130.763,121.738,127.169,120.814,112.405,107.194,109.894,105.053,104.588,110.751,107.658,104.243,100.000,109.495,110.790,96.851,91.159,99.029,108.895,112.282
 "45011","Barnwell, SC",5,CAGDP1,3,"...","Current-dollar GDP (thousands of current dollars) ","Thousands of dollars",429329,451570,511645,462834,486074,465339,495387,476232,460581,437559,454074,445374,455162,491917,491058,481788,467627,523679,542229,487536,487765,579780,667758,700844
 "45013","Beaufort, SC",5,CAGDP1,1,"...","Real GDP (thousands of chained 2017 dollars) ","Thousands of chained 2017 dollars",6010050,6084163,6471082,6829866,7176078,7459188,7681440,7496511,7153153,7010122,6895182,6943836,7231967,7447629,7502766,7727107,7752477,8172547,8541185,8671221,9010758,9561952,9686997,9962863
 "45013","Beaufort, SC",5,CAGDP1,2,"...","Chain-type quantity indexes for real GDP ","Quantity index",77.524,78.480,83.471,88.099,92.565,96.217,99.084,96.698,92.269,90.424,88.942,89.569,93.286,96.068,96.779,99.673,100.000,105.419,110.174,111.851,116.231,123.341,124.954,128.512
 "45013","Beaufort, SC",5,CAGDP1,3,"...","Current-dollar GDP (thousands of current dollars) ","Thousands of dollars",4134566,4314681,4702350,5113543,5570188,6007726,6389210,6353649,6177828,6096418,6085927,6253592,6635869,6989290,7229947,7590060,7752477,8367551,8966447,9343318,10068153,11323465,12118302,12872955
 "45015","Berkeley, SC",5,CAGDP1,1,"...","Real GDP (thousands of chained 2017 dollars) ","Thousands of chained 2017 dollars",3645852,3864558,4065247,4367292,4735182,5064887,5420494,5577212,5404523,5673580,5770956,6248515,6406394,6551354,6985709,7493718,7638074,8167714,8519201,8557208,8917543,9507009,10676218,11596144
 "45015","Berkeley, SC",5,CAGDP1,2,"...","Chain-type quantity indexes for real GDP ","Quantity index",47.733,50.596,53.223,57.178,61.994,66.311,70.967,73.019,70.758,74.280,75.555,81.807,83.874,85.772,91.459,98.110,100.000,106.934,111.536,112.034,116.751,124.469,139.776,151.820
 "45015","Berkeley, SC",5,CAGDP1,3,"...","Current-dollar GDP (thousands of current dollars) ","Thousands of dollars",2683928,2883528,3082058,3477341,3935103,4487998,4914703,5135354,4981987,5256910,5454201,5898605,6074084,6372129,6833459,7335837,7638074,8353641,8838807,8922777,9808844,11144480,12952997,14302031
 "45017","Calhoun, SC",5,CAGDP1,1,"...","Real GDP (thousands of chained 2017 dollars) ","Thousands of chained 2017 dollars",416466,426428,449531,474681,491313,547637,539143,529552,534433,589624,557645,471310,512905,507302,551863,570842,567030,554158,630641,586932,611102,609494,608989,701884
 "45017","Calhoun, SC",5,CAGDP1,2,"...","Chain-type quantity indexes for real GDP ","Quantity index",73.447,75.204,79.278,83.713,86.647,96.580,95.082,93.390,94.251,103.984,98.345,83.119,90.455,89.467,97.325,100.672,100.000,97.730,111.218,103.510,107.772,107.489,107.400,123.782
 "45017","Calhoun, SC",5,CAGDP1,3,"...","Current-dollar GDP (thousands of current dollars) ","Thousands of dollars",279466,292188,312084,335932,354946,410255,415333,423316,452474,497581,486694,425305,470804,479753,535118,561287,567030,566969,659562,621990,696925,761999,788275,910882
 "45019","Charleston, SC",5,CAGDP1,1,"...","Real GDP (thousands of chained 2017 dollars) ","Thousands of chained 2017 dollars",17706937,18441749,19597828,20694578,22024678,22573600,23598626,23423419,22808067,23690413,24995070,26404438,26345983,27219982,28420316,29858119,30430615,31348215,32898335,31565706,33360981,35713630,37991945,39771365
 "45019","Charleston, SC",5,CAGDP1,2,"...","Chain-type quantity indexes for real GDP ","Quantity index",58.188,60.603,64.402,68.006,72.377,74.181,77.549,76.973,74.951,77.851,82.138,86.769,86.577,89.449,93.394,98.119,100.000,103.015,108.109,103.730,109.630,117.361,124.848,130.695
 "45019","Charleston, SC",5,CAGDP1,3,"...","Current-dollar GDP (thousands of current dollars) ","Thousands of dollars",12449751,13291176,14410699,15621939,17149965,18186626,19594670,19799177,19775558,20690461,22123284,23887061,24320552,25671282,27504770,29389674,30430615,32004648,34359495,33672233,36790444,41843985,46777331,50461876
 "45021","Cherokee, SC",5,CAGDP1,1,"...","Real GDP (thousands of chained 2017 dollars) ","Thousands of chained 2017 dollars",1719732,1580869,1643959,1732908,1750116,1811102,1876139,1949621,1772317,1825819,1761418,1752667,1605795,1630047,1683260,1749748,1776738,1822257,1808610,1681176,1730497,1876762,1729082,1824380
 "45021","Cherokee, SC",5,CAGDP1,2,"...","Chain-type quantity indexes for real GDP ","Quantity index",96.792,88.976,92.527,97.533,98.502,101.934,105.595,109.730,99.751,102.762,99.138,98.645,90.379,91.744,94.739,98.481,100.000,102.562,101.794,94.621,97.397,105.630,97.318,102.681
 "45021","Cherokee, SC",5,CAGDP1,3,"...","Current-dollar GDP (thousands of current dollars) ","Thousands of dollars",1297915,1214569,1263609,1346759,1385322,1459276,1543984,1635232,1521429,1581748,1584231,1612117,1504949,1559207,1658151,1745461,1776738,1851307,1884185,1801751,1913669,2221234,2179105,2341786
 "45023","Chester, SC",5,CAGDP1,1,"...","Real GDP (thousands of chained 2017 dollars) ","Thousands of chained 2017 dollars",970656,976848,1000657,1036818,1021862,1020418,1051718,980345,874775,881399,888623,928048,951232,956282,1023803,1029726,1046144,1106022,1182690,1132077,1137302,1209927,1275140,1382442
 "45023","Chester, SC",5,CAGDP1,2,"...","Chain-type quantity indexes for real GDP ","Quantity index",92.784,93.376,95.652,99.109,97.679,97.541,100.533,93.710,83.619,84.252,84.943,88.711,90.927,91.410,97.864,98.431,100.000,105.724,113.052,108.214,108.714,115.656,121.890,132.146
 "45023","Chester, SC",5,CAGDP1,3,"...","Current-dollar GDP (thousands of current dollars) ","Thousands of dollars",724284,739378,757979,808261,826149,868571,912072,860289,759878,773543,797247,845486,883214,910558,990395,1006632,1046144,1141247,1236069,1189805,1293559,1513424,1653942,1821832
 "45025","Chesterfield, SC",5,CAGDP1,1,"...","Real GDP (thousands of chained 2017 dollars) ","Thousands of chained 2017 dollars",1200577,1230770,1269385,1267611,1226558,1211986,1244442,1271082,1136260,1140587,1202493,1234359,1345678,1384995,1468418,1514328,1509183,1504377,1503220,1347980,1429047,1410175,1378754,1397541
 "45025","Chesterfield, SC",5,CAGDP1,2,"...","Chain-type quantity indexes for real GDP ","Quantity index",79.551,81.552,84.111,83.993,81.273,80.307,82.458,84.223,75.290,75.576,79.678,81.790,89.166,91.771,97.299,100.341,100.000,99.682,99.605,89.319,94.690,93.440,91.358,92.603
 "45025","Chesterfield, SC",5,CAGDP1,3,"...","Current-dollar GDP (thousands of current dollars) ","Thousands of dollars",916768,949480,983225,1006972,997845,1012020,1067755,1117869,1057240,1046442,1109463,1163770,1286753,1335542,1446687,1503950,1509183,1537036,1574436,1439392,1601128,1767916,1836053,1901760
 "45027","Clarendon, SC",5,CAGDP1,1,"...","Real GDP (thousands of chained 2017 dollars) ","Thousands of chained 2017 dollars",634792,617848,665094,695815,693299,724026,726678,697689,665703,685379,669938,640802,667183,624519,621386,622303,600325,622146,619094,613857,654130,663665,722191,743164
 "45027","Clarendon, SC",5,CAGDP1,2,"...","Chain-type quantity indexes for real GDP ","Quantity index",105.742,102.919,110.789,115.906,115.487,120.606,121.048,116.219,110.890,114.168,111.596,106.743,111.137,104.030,103.508,103.661,100.000,103.635,103.127,102.254,108.963,110.551,120.300,123.794
 "45027","Clarendon, SC",5,CAGDP1,3,"...","Current-dollar GDP (thousands of current dollars) ","Thousands of dollars",454573,450535,493687,531625,537614,575120,598446,582826,566215,588406,587063,574853,616140,587638,600900,611996,600325,636504,648509,665560,747577,812164,915444,962486
 "45029","Colleton, SC",5,CAGDP1,1,"...","Real GDP (thousands of chained 2017 dollars) ","Thousands of chained 2017 dollars",1010925,1028305,1028019,1088883,1093687,1090075,1123646,1088191,1030373,1104780,1080813,927424,927479,911009,920034,921481,936954,957565,960245,936790,931184,1044936,1065792,1147463
 "45029","Colleton, SC",5,CAGDP1,2,"...","Chain-type quantity indexes for real GDP ","Quantity index",107.895,109.750,109.719,116.215,116.728,116.342,119.925,116.141,109.971,117.912,115.354,98.983,98.989,97.231,98.194,98.349,100.000,102.200,102.486,99.983,99.384,111.525,113.751,122.467
 "45029","Colleton, SC",5,CAGDP1,3,"...","Current-dollar GDP (thousands of current dollars) ","Thousands of dollars",725030,747747,760987,833925,864013,899720,948390,932526,901071,972027,964816,841791,861150,865777,892311,906824,936954,979413,1006197,1008679,1058572,1271038,1357140,1497142
 "45031","Darlington, SC",5,CAGDP1,1,"...","Real GDP (thousands of chained 2017 dollars) ","Thousands of chained 2017 dollars",2407677,2376195,2422362,2430569,2467986,2576387,2542848,2486885,2304379,2171728,2243239,2298576,2526109,2545646,2634261,2641760,2643139,2639855,2724565,2615627,2662332,2663143,2655397,2651613
 "45031","Darlington, SC",5,CAGDP1,2,"...","Chain-type quantity indexes for real GDP ","Quantity index",91.092,89.900,91.647,91.958,93.373,97.475,96.206,94.088,87.183,82.165,84.870,86.964,95.572,96.311,99.664,99.948,100.000,99.876,103.081,98.959,100.726,100.757,100.464,100.321
 "45031","Darlington, SC",5,CAGDP1,3,"...","Current-dollar GDP (thousands of current dollars) ","Thousands of dollars",1795109,1775933,1818915,1881729,1966583,2167458,2186221,2183230,2084348,1981912,2071523,2123779,2378970,2453394,2567157,2568312,2643139,2718985,2844002,2712072,2996781,3317518,3405510,3415744
 "45033","Dillon, SC",5,CAGDP1,1,"...","Real GDP (thousands of chained 2017 dollars) ","Thousands of chained 2017 dollars",650120,679095,732826,758396,752297,784174,717790,718309,657014,691654,715022,721750,707051,744431,740352,772431,730275,764926,797404,749039,773608,754123,765678,792507
 "45033","Dillon, SC",5,CAGDP1,2,"...","Chain-type quantity indexes for real GDP ","Quantity index",89.024,92.992,100.349,103.851,103.016,107.381,98.290,98.361,89.968,94.711,97.911,98.833,96.820,101.938,101.380,105.773,100.000,104.745,109.192,102.569,105.934,103.266,104.848,108.522
 "45033","Dillon, SC",5,CAGDP1,3,"...","Current-dollar GDP (thousands of current dollars) ","Thousands of dollars",502488,532298,576274,606332,604982,640809,606394,619000,588825,618741,640188,662813,658103,706275,724082,767874,730275,776535,829438,803535,859517,901284,979189,1038951
 "45035","Dorchester, SC",5,CAGDP1,1,"...","Real GDP (thousands of chained 2017 dollars) ","Thousands of chained 2017 dollars",2261211,2372418,2530035,2705242,2848154,2909531,2964192,2998164,2698124,3062529,3248100,3288307,3242221,3224894,3315848,3555373,3644173,3881842,4047503,4042138,4264235,4733451,4941018,5241010
 "45035","Dorchester, SC",5,CAGDP1,2,"...","Chain-type quantity indexes for real GDP ","Quantity index",62.050,65.102,69.427,74.235,78.156,79.841,81.341,82.273,74.039,84.039,89.131,90.235,88.970,88.495,90.990,97.563,100.000,106.522,111.068,110.921,117.015,129.891,135.587,143.819
 "45035","Dorchester, SC",5,CAGDP1,3,"...","Current-dollar GDP (thousands of current dollars) ","Thousands of dollars",1683387,1793916,1931042,2110425,2272412,2378653,2479740,2533451,2376594,2680467,2849797,2961378,2972842,3024355,3218383,3508456,3644173,3954228,4222355,4327143,4660630,5512268,6144715,6706364
 "45037","Edgefield, SC",5,CAGDP1,1,"...","Real GDP (thousands of chained 2017 dollars) ","Thousands of chained 2017 dollars",534121,592117,562847,635185,597779,579421,537403,524864,548359,582057,551998,534455,565832,575403,588327,607616,630880,602147,611070,624627,623422,636076,691821,678919
 "45037","Edgefield, SC",5,CAGDP1,2,"...","Chain-type quantity indexes for real GDP ","Quantity index",84.663,93.856,89.216,100.682,94.753,91.843,85.183,83.196,86.920,92.261,87.496,84.716,89.689,91.206,93.255,96.312,100.000,95.446,96.860,99.009,98.818,100.824,109.660,107.615
 "45037","Edgefield, SC",5,CAGDP1,3,"...","Current-dollar GDP (thousands of current dollars) ","Thousands of dollars",383933,430018,416997,488341,456980,452323,443569,440459,467603,505980,501566,494196,533715,550833,571206,593351,630880,611573,634215,662909,710162,797778,897788,893897
 "45039","Fairfield, SC",5,CAGDP1,1,"...","Real GDP (thousands of chained 2017 dollars) ","Thousands of chained 2017 dollars",873412,921495,884208,948770,901736,909937,900758,884225,887662,1044616,1035526,1200156,1275846,1334740,1464465,1613027,1442863,1024555,1028729,999758,1022758,1036326,1048417,1107537
 "45039","Fairfield, SC",5,CAGDP1,2,"...","Chain-type quantity indexes for real GDP ","Quantity index",60.533,63.866,61.282,65.756,62.496,63.065,62.429,61.283,61.521,72.399,71.769,83.179,88.425,92.506,101.497,111.793,100.000,71.008,71.298,69.290,70.884,71.824,72.662,76.760
 "45039","Fairfield, SC",5,CAGDP1,3,"...","Current-dollar GDP (thousands of current dollars) ","Thousands of dollars",668366,696052,678148,741114,724386,767706,772458,760244,818594,948483,949489,1100211,1199671,1299709,1451116,1585401,1442863,1051890,1083508,1060300,1171886,1289000,1337032,1422514
 "45041","Florence, SC",5,CAGDP1,1,"...","Real GDP (thousands of chained 2017 dollars) ","Thousands of chained 2017 dollars",5299469,5387918,5581533,5744080,5882574,5844987,5937228,5861813,5744255,5754226,6005072,6089805,6258610,6602901,6760617,6941879,6985220,7011583,7182109,6956274,7305778,7342000,7584100,7856131
 "45041","Florence, SC",5,CAGDP1,2,"...","Chain-type quantity indexes for real GDP ","Quantity index",75.867,77.133,79.905,82.232,84.215,83.676,84.997,83.917,82.234,82.377,85.968,87.181,89.598,94.527,96.785,99.380,100.000,100.377,102.819,99.586,104.589,105.108,108.574,112.468
 "45041","Florence, SC",5,CAGDP1,3,"...","Current-dollar GDP (thousands of current dollars) ","Thousands of dollars",3890013,4026483,4236893,4465691,4700550,4807411,4997163,5016310,5067009,5111923,5410564,5613318,5882957,6320821,6613887,6875622,6985220,7161617,7471457,7448492,8100388,8638938,9370202,9981118
 "45043","Georgetown, SC",5,CAGDP1,1,"...","Real GDP (thousands of chained 2017 dollars) ","Thousands of chained 2017 dollars",2071662,2173531,2279094,2463601,2603058,2633223,2641247,2615013,2420915,2459143,2370963,2228485,2251592,2512692,2476194,2407112,2404986,2504234,2553695,2573988,2762903,2814795,2928468,3080854
 "45043","Georgetown, SC",5,CAGDP1,2,"...","Chain-type quantity indexes for real GDP ","Quantity index",86.140,90.376,94.765,102.437,108.236,109.490,109.824,108.733,100.662,102.252,98.585,92.661,93.622,104.478,102.961,100.088,100.000,104.127,106.183,107.027,114.882,117.040,121.767,128.103
 "45043","Georgetown, SC",5,CAGDP1,3,"...","Current-dollar GDP (thousands of current dollars) ","Thousands of dollars",1437422,1526609,1625955,1827509,2006895,2141913,2210419,2227468,2116156,2165035,2121646,2021557,2086699,2383199,2397869,2360039,2404986,2565643,2670733,2748291,3090779,3402164,3727439,4015972
 "45045","Greenville, SC",5,CAGDP1,1,"...","Real GDP (thousands of chained 2017 dollars) ","Thousands of chained 2017 dollars",25175798,26654100,27640567,24146473,24360947,24224446,25357940,25199635,23898419,24719913,25688908,25833576,26081504,27101838,28822729,29889451,31059985,32304740,32875275,31674595,33416793,35569030,36517133,38032534
 "45045","Greenville, SC",5,CAGDP1,2,"...","Chain-type quantity indexes for real GDP ","Quantity index",81.055,85.815,88.991,77.741,78.432,77.992,81.642,81.132,76.943,79.588,82.707,83.173,83.971,87.256,92.797,96.231,100.000,104.008,105.844,101.979,107.588,114.517,117.570,122.449
 "45045","Greenville, SC",5,CAGDP1,3,"...","Current-dollar GDP (thousands of current dollars) ","Thousands of dollars",18867970,20266306,21078396,18619829,19278309,19807702,21240803,21476414,21096920,21813289,22988431,23682405,24350434,25739619,28040289,29523998,31059985,32925134,34310615,33722286,36825986,42128152,45528250,48737518
 "45047","Greenwood, SC",5,CAGDP1,1,"...","Real GDP (thousands of chained 2017 dollars) ","Thousands of chained 2017 dollars",2685998,2655659,2670258,2689636,2678727,2687002,2864531,2899238,2877626,2990723,2864485,2766566,2763271,2822880,2880739,2783042,2735840,2894305,2960255,2906936,3334313,3535092,3571017,3680095
 "45047","Greenwood, SC",5,CAGDP1,2,"...","Chain-type quantity indexes for real GDP ","Quantity index",98.178,97.069,97.603,98.311,97.912,98.215,104.704,105.972,105.183,109.316,104.702,101.123,101.003,103.181,105.296,101.725,100.000,105.792,108.203,106.254,121.875,129.214,130.527,134.514
 "45047","Greenwood, SC",5,CAGDP1,3,"...","Current-dollar GDP (thousands of current dollars) ","Thousands of dollars",1884503,1886104,1913837,1977097,2031984,2114272,2311332,2410440,2494942,2599293,2536077,2521888,2571201,2674891,2800266,2743577,2735840,2963215,3098905,3124322,3793652,4385793,4645389,4898796
 "45049","Hampton, SC",5,CAGDP1,1,"...","Real GDP (thousands of chained 2017 dollars) ","Thousands of chained 2017 dollars",513416,489053,519781,516494,520702,514097,514421,500934,504843,496093,499937,459190,452470,453374,448849,455926,450504,472223,477539,461345,438270,471730,478740,517734
 "45049","Hampton, SC",5,CAGDP1,2,"...","Chain-type quantity indexes for real GDP ","Quantity index",113.965,108.557,115.378,114.648,115.582,114.116,114.188,111.194,112.062,110.120,110.973,101.928,100.436,100.637,99.633,101.203,100.000,104.821,106.001,102.406,97.284,104.712,106.268,114.923
 "45049","Hampton, SC",5,CAGDP1,3,"...","Current-dollar GDP (thousands of current dollars) ","Thousands of dollars",363084,353893,381875,388165,400753,411695,420773,417054,431432,428177,439706,414473,419982,430889,435625,447488,450504,486093,503355,501564,510022,594006,625437,692433
 "45051","Horry, SC",5,CAGDP1,1,"...","Real GDP (thousands of chained 2017 dollars) ","Thousands of chained 2017 dollars",8439469,8703903,9289339,9891312,10783308,11187994,11483734,10861089,10391210,10236965,10453581,10373718,10875025,11544129,11860079,12298518,13014447,13394423,13908355,13637814,14779402,15654603,16843032,17567956
 "45051","Horry, SC",5,CAGDP1,2,"...","Chain-type quantity indexes for real GDP ","Quantity index",64.847,66.879,71.377,76.003,82.856,85.966,88.238,83.454,79.844,78.658,80.323,79.709,83.561,88.702,91.130,94.499,100.000,102.920,106.869,104.790,113.562,120.286,129.418,134.988
 "45051","Horry, SC",5,CAGDP1,3,"...","Current-dollar GDP (thousands of current dollars) ","Thousands of dollars",6067984,6394187,6925127,7568102,8529028,9162913,9682417,9304387,9083475,8958018,9258039,9406723,10048405,10884838,11472860,12122871,13014447,13709392,14589489,14688690,16568049,18725787,21231344,22774481
 "45053","Jasper, SC",5,CAGDP1,1,"...","Real GDP (thousands of chained 2017 dollars) ","Thousands of chained 2017 dollars",417525,463313,521540,656393,743547,830905,823924,812091,840340,867627,877687,877400,938340,966131,1057874,1090494,1124145,1146863,1220965,1303562,1316626,1468768,1554009,1615980
 "45053","Jasper, SC",5,CAGDP1,2,"...","Chain-type quantity indexes for real GDP ","Quantity index",37.142,41.215,46.394,58.390,66.143,73.914,73.293,72.241,74.754,77.181,78.076,78.050,83.471,85.944,94.105,97.007,100.000,102.021,108.613,115.960,117.122,130.656,138.239,143.752
 "45053","Jasper, SC",5,CAGDP1,3,"...","Current-dollar GDP (thousands of current dollars) ","Thousands of dollars",294283,333827,386179,510177,587856,682074,700622,699156,754689,773223,789844,795356,871490,928697,1034847,1069459,1124145,1174870,1285356,1403915,1518485,1841802,2036125,2147521
 "45055","Kershaw, SC",5,CAGDP1,1,"...","Real GDP (thousands of chained 2017 dollars) ","Thousands of chained 2017 dollars",1453507,1514207,1585785,1663521,1608484,1691586,1868455,1776676,1708046,1797658,1727976,1844122,1788898,1780716,1952155,1838882,1774409,1806293,1912093,1854719,2143853,2245930,2398559,2640088
 "45055","Kershaw, SC",5,CAGDP1,2,"...","Chain-type quantity indexes for real GDP ","Quantity index",81.915,85.336,89.370,93.751,90.649,95.332,105.300,100.128,96.260,101.310,97.383,103.929,100.816,100.355,110.017,103.633,100.000,101.797,107.759,104.526,120.821,126.573,135.175,148.787
 "45055","Kershaw, SC",5,CAGDP1,3,"...","Current-dollar GDP (thousands of current dollars) ","Thousands of dollars",1067248,1128881,1200329,1288212,1269201,1365306,1561347,1514268,1493493,1580618,1564108,1712591,1695412,1716823,1905933,1802512,1774409,1842146,1981522,1969654,2437755,2783405,3061023,3416986
 "45057","Lancaster, SC",5,CAGDP1,1,"...","Real GDP (thousands of chained 2017 dollars) ","Thousands of chained 2017 dollars",1615129,1606450,1603289,1644798,1667219,1686953,1708412,1823989,1849771,1953365,1966208,2097914,2327596,2594488,2858209,3340156,3635562,3963631,3875290,3455722,3399340,3718594,3927613,4224906
 "45057","Lancaster, SC",5,CAGDP1,2,"...","Chain-type quantity indexes for real GDP ","Quantity index",44.426,44.187,44.100,45.242,45.859,46.401,46.992,50.171,50.880,53.729,54.083,57.705,64.023,71.364,78.618,91.875,100.000,109.024,106.594,95.053,93.502,102.284,108.033,116.211
 "45057","Lancaster, SC",5,CAGDP1,3,"...","Current-dollar GDP (thousands of current dollars) ","Thousands of dollars",1266430,1275448,1278722,1338483,1378485,1438055,1496422,1613986,1682682,1774194,1808395,1970227,2219426,2500536,2801834,3296705,3635562,4020745,3987317,3614403,3670514,4282305,4742403,5253075
 "45059","Laurens, SC",5,CAGDP1,1,"...","Real GDP (thousands of chained 2017 dollars) ","Thousands of chained 2017 dollars",1479223,1461186,1575712,1708577,1815643,1771266,1895959,1853173,1662046,1650693,1764701,1954666,3033511,3420186,3167744,2764501,2310541,2296173,2289595,2283248,2368577,2278880,2298165,2363808
 "45059","Laurens, SC",5,CAGDP1,2,"...","Chain-type quantity indexes for real GDP ","Quantity index",64.021,63.240,68.197,73.947,78.581,76.660,82.057,80.205,71.933,71.442,76.376,84.598,131.290,148.025,137.100,119.647,100.000,99.378,99.093,98.819,102.512,98.630,99.464,102.305
 "45059","Laurens, SC",5,CAGDP1,3,"...","Current-dollar GDP (thousands of current dollars) ","Thousands of dollars",1084352,1091235,1187422,1315691,1432575,1439414,1564849,1551371,1451170,1431930,1544888,1750567,2756172,3179187,3122691,2756048,2310541,2325406,2357171,2396641,2504146,2571999,2777639,2913878
 "45061","Lee, SC",5,CAGDP1,1,"...","Real GDP (thousands of chained 2017 dollars) ","Thousands of chained 2017 dollars",350151,334533,374794,366307,385536,382089,388835,389177,385931,376402,380261,372721,355175,316840,309444,334181,338759,349933,343228,333732,355825,389207,373024,383871
 "45061","Lee, SC",5,CAGDP1,2,"...","Chain-type quantity indexes for real GDP ","Quantity index",103.363,98.752,110.637,108.132,113.808,112.791,114.782,114.883,113.925,111.112,112.251,110.025,104.846,93.530,91.346,98.649,100.000,103.298,101.319,98.516,105.038,114.892,110.115,113.317
 "45061","Lee, SC",5,CAGDP1,3,"...","Current-dollar GDP (thousands of current dollars) ","Thousands of dollars",242433,236455,270051,273710,291185,294442,315549,323017,326489,321729,335459,337819,333055,300598,301418,330803,338759,357449,360741,363961,406065,479705,481583,507305
 "45063","Lexington, SC",5,CAGDP1,1,"...","Real GDP (thousands of chained 2017 dollars) ","Thousands of chained 2017 dollars",7576582,7852230,8282550,8727297,9056767,9290354,9770459,9799280,9483470,9816011,10095719,9986976,10491218,11256524,11705187,12319650,12261860,12684114,13193395,13387841,13638649,14085882,14511073,15201656
 "45063","Lexington, SC",5,CAGDP1,2,"...","Chain-type quantity indexes for real GDP ","Quantity index",61.790,64.038,67.547,71.174,73.861,75.766,79.682,79.917,77.341,80.053,82.334,81.447,85.560,91.801,95.460,100.471,100.000,103.444,107.597,109.183,111.228,114.876,118.343,123.975
 "45063","Lexington, SC",5,CAGDP1,3,"...","Current-dollar GDP (thousands of current dollars) ","Thousands of dollars",5512769,5810220,6192568,6698880,7163472,7619324,8207970,8396766,8391268,8691182,9063980,9161881,9801573,10729680,11418397,12163437,12261860,12958958,13806554,14349923,15300057,17054004,18424206,19752180
 "45065","McCormick, SC",5,CAGDP1,1,"...","Real GDP (thousands of chained 2017 dollars) ","Thousands of chained 2017 dollars",171791,173718,192122,187325,193654,178514,177802,169515,177633,184965,178437,178399,202801,199311,206844,210230,210581,213170,226524,232364,218283,222909,223150,246712
 "45065","McCormick, SC",5,CAGDP1,2,"...","Chain-type quantity indexes for real GDP ","Quantity index",81.579,82.494,91.234,88.956,91.962,84.772,84.434,80.499,84.353,87.835,84.736,84.717,96.305,94.648,98.225,99.833,100.000,101.229,107.571,110.344,103.657,105.854,105.969,117.158
 "45065","McCormick, SC",5,CAGDP1,3,"...","Current-dollar GDP (thousands of current dollars) ","Thousands of dollars",119657,123772,140166,141694,150161,143052,146618,141992,152797,160385,157048,159485,186961,190239,200721,205519,210581,219106,238453,250810,252397,278414,291685,330694
 "45067","Marion, SC",5,CAGDP1,1,"...","Real GDP (thousands of chained 2017 dollars) ","Thousands of chained 2017 dollars",743220,736387,766487,782254,775803,753378,717977,680848,615832,616354,628542,595663,594874,590286,575554,583466,563894,594438,617141,600464,608970,605753,650871,700950
 "45067","Marion, SC",5,CAGDP1,2,"...","Chain-type quantity indexes for real GDP ","Quantity index",131.801,130.590,135.927,138.724,137.580,133.603,127.325,120.740,109.211,109.303,111.464,105.634,105.494,104.680,102.068,103.471,100.000,105.417,109.443,106.485,107.994,107.423,115.424,124.305
 "45067","Marion, SC",5,CAGDP1,3,"...","Current-dollar GDP (thousands of current dollars) ","Thousands of dollars",559119,561797,591161,614893,616575,607610,593740,570525,534758,537259,552020,536497,547151,554518,556473,574325,563894,606786,644823,646216,684833,723271,812919,900736
 "45069","Marlboro, SC",5,CAGDP1,1,"...","Real GDP (thousands of chained 2017 dollars) ","Thousands of chained 2017 dollars",655754,722004,788644,711142,780052,796799,736509,739253,686118,693698,748025,729783,797351,762996,757725,784126,793216,785755,783464,736095,815811,740593,710795,740848
 "45069","Marlboro, SC",5,CAGDP1,2,"...","Chain-type quantity indexes for real GDP ","Quantity index",82.670,91.022,99.424,89.653,98.340,100.452,92.851,93.197,86.498,87.454,94.303,92.003,100.521,96.190,95.526,98.854,100.000,99.059,98.771,92.799,102.848,93.366,89.609,93.398
 "45069","Marlboro, SC",5,CAGDP1,3,"...","Current-dollar GDP (thousands of current dollars) ","Thousands of dollars",498329,555700,607868,554761,615203,641650,608028,618522,600020,612746,670979,663561,742917,724136,736327,771182,793216,800523,809822,776238,916253,916750,914539,965237
 "45071","Newberry, SC",5,CAGDP1,1,"...","Real GDP (thousands of chained 2017 dollars) ","Thousands of chained 2017 dollars",1006682,999956,1056233,1129757,1102160,1121853,1227850,1260635,1223833,1237593,1254224,1273762,1286317,1245173,1298761,1334404,1320106,1344506,1413821,1343884,1407662,1501360,1489244,1525680
 "45071","Newberry, SC",5,CAGDP1,2,"...","Chain-type quantity indexes for real GDP ","Quantity index",76.258,75.748,80.011,85.581,83.490,84.982,93.011,95.495,92.707,93.749,95.009,96.489,97.440,94.324,98.383,101.083,100.000,101.848,107.099,101.801,106.633,113.730,112.812,115.573
 "45071","Newberry, SC",5,CAGDP1,3,"...","Current-dollar GDP (thousands of current dollars) ","Thousands of dollars",730752,740263,792482,874039,870367,909432,1016878,1066899,1082879,1095663,1109494,1164446,1205040,1197162,1272778,1329655,1320106,1370472,1477169,1449695,1603042,1849641,1944493,2034044
 "45073","Oconee, SC",5,CAGDP1,1,"...","Real GDP (thousands of chained 2017 dollars) ","Thousands of chained 2017 dollars",2679771,2748751,2763366,2849996,2864716,2862615,2907764,3025044,3047146,3309500,3340224,3506195,3588026,3650162,3921800,3962174,3799549,3760402,3708612,3641255,3695246,3835233,3962915,4094892
 "45073","Oconee, SC",5,CAGDP1,2,"...","Chain-type quantity indexes for real GDP ","Quantity index",70.529,72.344,72.729,75.009,75.396,75.341,76.529,79.616,80.198,87.102,87.911,92.279,94.433,96.068,103.218,104.280,100.000,98.970,97.607,95.834,97.255,100.939,104.300,107.773
 "45073","Oconee, SC",5,CAGDP1,3,"...","Current-dollar GDP (thousands of current dollars) ","Thousands of dollars",2137411,2184411,2225859,2325016,2386223,2471952,2552862,2666560,2847401,3043426,3086562,3254725,3398568,3575932,3891663,3903327,3799549,3843978,3880238,3853912,4146117,4669128,5020068,5242540
 "45075","Orangeburg, SC",5,CAGDP1,1,"...","Real GDP (thousands of chained 2017 dollars) ","Thousands of chained 2017 dollars",2733435,2798304,2964061,3028238,3116321,3048560,3124628,2936598,2892070,2773761,2821443,2804637,2923001,2855923,2840434,2774683,2838170,2823994,2843820,2704860,2807286,2895498,2835130,3075936
 "45075","Orangeburg, SC",5,CAGDP1,2,"...","Chain-type quantity indexes for real GDP ","Quantity index",96.310,98.595,104.436,106.697,109.800,107.413,110.093,103.468,101.899,97.731,99.411,98.818,102.989,100.625,100.080,97.763,100.000,99.501,100.199,95.303,98.912,102.020,99.893,108.377
 "45075","Orangeburg, SC",5,CAGDP1,3,"...","Current-dollar GDP (thousands of current dollars) ","Thousands of dollars",1985278,2064225,2209010,2307582,2439701,2481549,2611357,2498918,2550832,2446795,2524125,2571155,2740847,2733618,2782137,2740690,2838170,2888996,2974046,2894660,3157517,3542478,3630384,4007321
 "45077","Pickens, SC",5,CAGDP1,1,"...","Real GDP (thousands of chained 2017 dollars) ","Thousands of chained 2017 dollars",2850262,2972292,3060589,3174121,3269890,3297021,3430786,3433903,3224664,3371159,3456729,3431989,3474833,3507122,3495884,3661029,3696537,3886600,4044546,3940226,4099295,4226519,4496513,4671169
 "45077","Pickens, SC",5,CAGDP1,2,"...","Chain-type quantity indexes for real GDP ","Quantity index",77.106,80.407,82.796,85.867,88.458,89.192,92.811,92.895,87.235,91.198,93.513,92.843,94.002,94.876,94.572,99.039,100.000,105.142,109.414,106.592,110.896,114.337,121.641,126.366
 "45077","Pickens, SC",5,CAGDP1,3,"...","Current-dollar GDP (thousands of current dollars) ","Thousands of dollars",2069430,2199975,2296070,2434945,2582877,2686169,2868395,2913636,2818075,2954494,3072731,3117509,3217538,3314271,3395354,3607519,3696537,3982922,4220394,4195750,4568171,5067580,5676299,6019152
 "45079","Richland, SC",5,CAGDP1,1,"...","Real GDP (thousands of chained 2017 dollars) ","Thousands of chained 2017 dollars",19484847,19614420,20165519,20999122,21757549,22690746,23139373,23378662,22718487,22422481,22374286,22240957,22766571,23295984,23572119,24092880,24515266,25159058,25447412,24906604,26737444,27391061,28178566,29406025
 "45079","Richland, SC",5,CAGDP1,2,"...","Chain-type quantity indexes for real GDP ","Quantity index",79.480,80.009,82.257,85.657,88.751,92.558,94.388,95.364,92.671,91.463,91.267,90.723,92.867,95.026,96.153,98.277,100.000,102.626,103.802,101.596,109.064,111.731,114.943,119.950
 "45079","Richland, SC",5,CAGDP1,3,"...","Current-dollar GDP (thousands of current dollars) ","Thousands of dollars",13983951,14392125,15112162,16174881,17272847,18623800,19516072,20057649,20048843,19906280,20065279,20372932,21217432,22123564,22903447,23776381,24515266,25724860,26570636,26725388,29577865,32099527,34736841,37437887
 "45081","Saluda, SC",5,CAGDP1,1,"...","Real GDP (thousands of chained 2017 dollars) ","Thousands of chained 2017 dollars",391787,383005,424648,409768,414450,403997,384632,357632,383019,399874,351890,369398,422684,426852,463323,440875,448803,424396,448036,451790,488958,493315,464408,501875
 "45081","Saluda, SC",5,CAGDP1,2,"...","Chain-type quantity indexes for real GDP ","Quantity index",87.296,85.339,94.618,91.302,92.346,90.016,85.702,79.686,85.342,89.098,78.406,82.307,94.180,95.109,103.235,98.233,100.000,94.562,99.829,100.666,108.947,109.918,103.477,111.825
 "45081","Saluda, SC",5,CAGDP1,3,"...","Current-dollar GDP (thousands of current dollars) ","Thousands of dollars",279406,279172,316717,317853,318578,313670,313165,302260,335480,357349,324774,352971,414215,422355,458357,439127,448803,429261,467032,490345,545070,572317,580957,643173
 "45083","Spartanburg, SC",5,CAGDP1,1,"...","Real GDP (thousands of chained 2017 dollars) ","Thousands of chained 2017 dollars",10814422,11146844,11681995,12368292,12797331,13477478,13410396,13120444,11895571,12434728,12643812,12479802,12675229,12966582,13508517,14331463,14976954,15365922,16205216,15701565,16679990,17014294,17375403,18032868
 "45083","Spartanburg, SC",5,CAGDP1,2,"...","Chain-type quantity indexes for real GDP ","Quantity index",72.207,74.427,78.000,82.582,85.447,89.988,89.540,87.604,79.426,83.026,84.422,83.327,84.632,86.577,90.195,95.690,100.000,102.597,108.201,104.838,111.371,113.603,116.014,120.404
 "45083","Spartanburg, SC",5,CAGDP1,3,"...","Current-dollar GDP (thousands of current dollars) ","Thousands of dollars",8343768,8692589,9121257,9771077,10257831,10985152,11140511,11055004,10511658,10924949,11212900,11367403,11751870,12244043,13177833,14196772,14976954,15631980,16874820,16689629,18103054,19880843,21609833,22979816
 "45085","Sumter, SC",5,CAGDP1,1,"...","Real GDP (thousands of chained 2017 dollars) ","Thousands of chained 2017 dollars",3275654,3347646,3456066,3535004,3613756,3715690,3759940,3701956,3568823,3686992,3794350,3901674,3905959,3851838,3856810,3975833,4087939,4216358,4341873,4176032,4418454,4615733,4565952,4750520
 "45085","Sumter, SC",5,CAGDP1,2,"...","Chain-type quantity indexes for real GDP ","Quantity index",80.130,81.891,84.543,86.474,88.400,90.894,91.976,90.558,87.301,90.192,92.818,95.444,95.548,94.224,94.346,97.258,100.000,103.141,106.212,102.155,108.085,112.911,111.693,116.208
 "45085","Sumter, SC",5,CAGDP1,3,"...","Current-dollar GDP (thousands of current dollars) ","Thousands of dollars",2381577,2495880,2619588,2735923,2867641,3025214,3145582,3158045,3165309,3276205,3410691,3586034,3653369,3670077,3766212,3936070,4087939,4307314,4552837,4485525,4902069,5574489,5878393,6287811
 "45087","Union, SC",5,CAGDP1,1,"...","Real GDP (thousands of chained 2017 dollars) ","Thousands of chained 2017 dollars",674432,660220,656394,663578,644130,633236,668258,636942,585972,587503,611243,598695,618567,650670,652654,680070,671160,711122,782754,699372,716476,688412,692351,711939
 "45087","Union, SC",5,CAGDP1,2,"...","Chain-type quantity indexes for real GDP ","Quantity index",100.487,98.370,97.800,98.870,95.973,94.349,99.568,94.902,87.307,87.535,91.073,89.203,92.164,96.947,97.243,101.327,100.000,105.954,116.627,104.203,106.752,102.570,103.157,106.076
 "45087","Union, SC",5,CAGDP1,3,"...","Current-dollar GDP (thousands of current dollars) ","Thousands of dollars",502789,500090,497750,511033,507949,514478,560028,543027,515972,518744,549569,549339,577943,618388,637897,672653,671160,726292,814328,741663,776538,800368,859275,904840
 "45089","Williamsburg, SC",5,CAGDP1,1,"...","Real GDP (thousands of chained 2017 dollars) ","Thousands of chained 2017 dollars",797003,778057,802213,768788,821286,822725,831676,839771,828804,879777,878734,739182,761268,756732,791555,774955,796573,814498,793289,754660,735720,743568,765153,812060
 "45089","Williamsburg, SC",5,CAGDP1,2,"...","Chain-type quantity indexes for real GDP ","Quantity index",100.054,97.676,100.708,96.512,103.102,103.283,104.407,105.423,104.046,110.445,110.314,92.795,95.568,94.998,99.370,97.286,100.000,102.250,99.588,94.738,92.361,93.346,96.056,101.944
 "45089","Williamsburg, SC",5,CAGDP1,3,"...","Current-dollar GDP (thousands of current dollars) ","Thousands of dollars",566056,561199,585616,573150,624331,648145,678359,700462,712535,760554,781275,672890,707477,718387,772328,766838,796573,829928,828039,805960,819032,904218,982296,1066621
 "45091","York, SC",5,CAGDP1,1,"...","Real GDP (thousands of chained 2017 dollars) ","Thousands of chained 2017 dollars",6441177,6644138,6770100,7074303,7510986,7952886,8216264,8480183,8210124,8608830,9157185,9411283,9689839,9854601,10288165,10699746,11517708,11818790,12583757,12682231,13755231,14101438,14439602,15071403
 "45091","York, SC",5,CAGDP1,2,"...","Chain-type quantity indexes for real GDP ","Quantity index",55.924,57.686,58.780,61.421,65.212,69.049,71.336,73.627,71.283,74.744,79.505,81.711,84.130,85.560,89.325,92.898,100.000,102.614,109.256,110.111,119.427,122.433,125.369,130.854
 "45091","York, SC",5,CAGDP1,3,"...","Current-dollar GDP (thousands of current dollars) ","Thousands of dollars",4916237,5111469,5280346,5637896,6124514,6697016,7049379,7387672,7441289,7718499,8214198,8593643,9030098,9403020,10034494,10542704,11517708,12050807,13117597,13446888,15212087,16745167,17984293,19234632
"Note: See the included footnote file."
"CAGDP1: County gross domestic product (GDP) summary "
"Last updated: February 5, 2026-- new statistics for 2024; revised statistics for 2020-2023."
"U.S. Bureau of Economic Analysis"
